SYMBOL,COMPANY,SECTOR,INDUSTRY,PRICE,MARKET_CAP,DIVIDEND_YIELD_PCT,DIVIDENDS_PER_SHARE,DIVIDEND_PAYOUT_RATIO_PCT,BETA_5Y,DEBT_TO_EQUITY_RATIO,NOTE,DETAILS,INDICES,SERIES,EXCHANGE,VOLUME_1W
20MICRONS,20 Microns Limited,Process industries,Chemicals: specialty,219.21,7648349490,0.58,1.25,0,2.14,,,,,EQ,NSE,830162
360ONE,360 One Wam Limited,Finance,Investment managers,1108,4.3691E+11,1.12,12,38.55,1.2,,,,"Nifty 500, Nifty 200, Nifty MidCap 100, Nifty MidSmallCap 400, Nifty MidCap 150, Nifty Total Market, Nifty 500 MultiCap 50:25:25, Nifty LargeMidCap 250, Nifty Capital Markets, Nifty Financial Services Ex-Bank, Nifty 500 Equal Weight, Nifty MidSmall Financial Services, Nifty India New Age Consumption, Nifty MidCap 150 Quality 50, Nifty MidSmallcap 400 Momentum Quality 100, Nifty 500 LargeMidSmall Equal-Cap, Nifty 500 Multicap Momentum Quality 50",EQ,NSE,4555336
3MINDIA,3M India Limited,Producer manufacturing,Industrial conglomerates,34615,3.85683E+11,0.47,160,0,0.85,,,,"Nifty 500, Nifty MidSmallCap 400, Nifty MidCap 150, Nifty MNC, Nifty Total Market, Nifty 500 MultiCap 50:25:25, Nifty LargeMidCap 250, Nifty MidCap 150 Momentum 50, Nifty 500 Equal Weight, Nifty MidCap 150 Quality 50, Nifty 500 LargeMidSmall Equal-Cap",EQ,NSE,13803
63MOONS,63 Moons Technologies Ltd.,Technology services,Packaged software,852.95,38761265876,0.14,2,0,1.98,,,,,EQ,NSE,2504910
AARTIDRUGS,Aarti Drugs Limited,Health technology,Pharmaceuticals: major,436.25,38881018570,0.47,,0,1.04,,,,"Nifty MicroCap 250, Nifty Total Market",EQ,NSE,436897
AARTIIND,AARTI Industries Ltd,Process industries,Chemicals: major diversified,491.35,1.7964E+11,0.2,1,0,1.66,,,,"Nifty 500, Nifty SmallCap 100, Nifty SmallCap 250, Nifty MidSmallCap 400, Nifty Total Market, Nifty 500 MultiCap 50:25:25, Nifty 500 Equal Weight, Nifty 500 Multicap India Manufacturing 50:30:20, Nifty 500 LargeMidSmall Equal-Cap",EQ,NSE,1686388
AARTIPHARM,Aarti Pharmalabs Limited,Health technology,Pharmaceuticals: major,940.1,80120144639,0.45,3.5,0,1.08,,,,"Nifty MicroCap 250, Nifty Total Market",EQ,NSE,6767195
AAVAS,Aavas Financiers Ltd.,Finance,Finance/Rental/Leasing,1285.8,1.04066E+11,0,0,0,1.27,3.08,,,"Nifty 500, Nifty SmallCap 250, Nifty MidSmallCap 400, Nifty Total Market, Nifty 500 MultiCap 50:25:25, Nifty 500 Equal Weight, Nifty 500 LargeMidSmall Equal-Cap",EQ,NSE,291751
ABB,ABB India Limited,Producer manufacturing,Electrical products,7120,1.51027E+12,0.55,39.36,0,0.99,0.02,,,"Nifty 500, Nifty Next 50, Nifty 200, Nifty Energy, Nifty MNC, Nifty 100, Nifty Total Market, Nifty 500 MultiCap 50:25:25, Nifty 200 Momentum 30, Nifty India Manufacturing, Nifty LargeMidCap 250, Nifty 500 Momentum 50, Nifty 500 Equal Weight, Nifty 100 Equal Weight, Nifty 100 Quality 30, Nifty 500 Quality 50, Nifty 500 LargeMidSmall Equal-Cap, Nifty 500 Multicap Momentum Quality 50",EQ,NSE,449726
ABBOTINDIA,Abbott India Limited,Health technology,Pharmaceuticals: major,26935,5.78474E+11,1.93,525,0,0.14,,,,"Nifty 500, Nifty Pharma, Nifty Healthcare, Nifty MidSmallCap 400, Nifty MidCap 150, Nifty MNC, Nifty Total Market, Nifty 500 MultiCap 50:25:25, Nifty LargeMidCap 250, Nifty 500 Equal Weight, Nifty MidSmall Healthcare, Nifty MidCap 150 Quality 50, Nifty MidSmall India Consumption, Nifty 500 LargeMidSmall Equal-Cap",,NSE,16336
